epoch,lr,time,loss
0,0.0003,09:43:26,6.935094356536865
1,4.4194173824159224e-08,09:43:27,6.848979473114014
2,8.838834764831845e-08,09:43:28,6.833093166351318
3,1.3258252147247768e-07,09:43:29,6.881764888763428
4,1.767766952966369e-07,09:43:29,6.8538103103637695
5,2.2097086912079609e-07,09:43:30,6.8547210693359375
6,2.6516504294495536e-07,09:43:31,6.8585710525512695
7,3.0935921676911457e-07,09:43:32,6.85101842880249
8,3.535533905932738e-07,09:43:32,6.828023433685303
9,3.97747564417433e-07,09:43:33,6.854072093963623
10,4.4194173824159217e-07,09:43:34,6.851622581481934
11,4.861359120657515e-07,09:43:35,6.910116195678711
12,5.303300858899107e-07,09:43:36,6.848494052886963
13,5.745242597140698e-07,09:43:37,6.839511394500732
14,6.187184335382291e-07,09:43:38,6.864784240722656
15,6.629126073623883e-07,09:43:39,6.79289436340332
16,7.071067811865476e-07,09:43:40,6.843672752380371
17,7.513009550107068e-07,09:43:40,6.819406509399414
18,7.95495128834866e-07,09:43:41,6.855488300323486
19,8.396893026590251e-07,09:43:42,6.804640293121338
20,8.838834764831843e-07,09:43:43,6.788410186767578
21,9.280776503073437e-07,09:43:43,6.818903923034668
22,9.72271824131503e-07,09:43:44,6.737778186798096
23,1.016465997955662e-06,09:43:45,6.7654128074646
24,1.0606601717798214e-06,09:43:46,6.805627822875977
25,1.1048543456039805e-06,09:43:46,6.729032039642334
26,1.1490485194281396e-06,09:43:47,6.786000728607178
27,1.193242693252299e-06,09:43:48,6.718062877655029
28,1.2374368670764583e-06,09:43:49,6.711223125457764
29,1.2816310409006174e-06,09:43:50,6.748941898345947
30,1.3258252147247765e-06,09:43:51,6.744215488433838
31,1.370019388548936e-06,09:43:52,6.683627128601074
32,1.4142135623730952e-06,09:43:53,6.655379772186279
33,1.4584077361972543e-06,09:43:54,6.7188944816589355
34,1.5026019100214136e-06,09:43:55,6.661706924438477
35,1.5467960838455727e-06,09:43:56,6.709661960601807
36,1.590990257669732e-06,09:43:57,6.682101726531982
37,1.6351844314938911e-06,09:43:57,6.603133678436279
38,1.6793786053180502e-06,09:43:58,6.612181186676025
39,1.7235727791422098e-06,09:43:59,6.623482704162598
40,1.7677669529663687e-06,09:44:00,6.650835990905762
41,1.8119611267905282e-06,09:44:00,6.616817474365234
42,1.8561553006146873e-06,09:44:01,6.54896879196167
43,1.9003494744388464e-06,09:44:02,6.579189300537109
44,1.944543648263006e-06,09:44:03,6.581470012664795
45,1.988737822087165e-06,09:44:04,6.543123722076416
46,2.032931995911324e-06,09:44:06,6.491335868835449
47,2.0771261697354833e-06,09:44:07,6.508101940155029
48,2.121320343559643e-06,09:44:07,6.495248794555664
49,2.165514517383802e-06,09:44:08,6.460390567779541
50,2.209708691207961e-06,09:44:09,6.442620754241943
51,2.25390286503212e-06,09:44:09,6.433027267456055
52,2.2980970388562793e-06,09:44:10,6.401058673858643
53,2.342291212680439e-06,09:44:11,6.463390350341797
54,2.386485386504598e-06,09:44:12,6.406317710876465
55,2.430679560328757e-06,09:44:13,6.381600856781006
56,2.4748737341529166e-06,09:44:14,6.402525424957275
57,2.5190679079770757e-06,09:44:15,6.356630325317383
58,2.563262081801235e-06,09:44:16,6.376580238342285
59,2.607456255625394e-06,09:44:17,6.348106384277344
60,2.651650429449553e-06,09:44:18,6.356570720672607
61,2.6958446032737126e-06,09:44:19,6.272625923156738
62,2.740038777097872e-06,09:44:20,6.327211380004883
63,2.784232950922031e-06,09:44:21,6.245774269104004
64,2.8284271247461903e-06,09:44:22,6.28080940246582
65,2.8726212985703494e-06,09:44:23,6.239114284515381
66,2.9168154723945085e-06,09:44:24,6.224628925323486
67,2.961009646218668e-06,09:44:24,6.210622787475586
68,3.005203820042827e-06,09:44:25,6.116213321685791
69,3.0493979938669863e-06,09:44:26,6.137782096862793
70,3.0935921676911454e-06,09:44:27,6.129365921020508
71,3.1377863415153045e-06,09:44:28,6.103900909423828
72,3.181980515339464e-06,09:44:29,6.161787033081055
73,3.226174689163623e-06,09:44:29,6.124887943267822
74,3.2703688629877823e-06,09:44:30,6.082098960876465
75,3.3145630368119414e-06,09:44:31,6.029002666473389
76,3.3587572106361005e-06,09:44:32,6.010191917419434
77,3.4029513844602605e-06,09:44:34,6.0682692527771
78,3.4471455582844196e-06,09:44:35,5.954150676727295
79,3.4913397321085783e-06,09:44:35,5.951184272766113
80,3.5355339059327374e-06,09:44:36,5.959573745727539
81,3.5797280797568965e-06,09:44:37,5.883263111114502
82,3.6239222535810564e-06,09:44:38,5.847312927246094
83,3.6681164274052155e-06,09:44:39,5.871596813201904
84,3.7123106012293747e-06,09:44:39,5.847478866577148
85,3.7565047750535338e-06,09:44:40,5.842502593994141
86,3.800698948877693e-06,09:44:41,5.84421968460083
87,3.844893122701853e-06,09:44:42,5.818418025970459
88,3.889087296526012e-06,09:44:43,5.722224235534668
89,3.933281470350171e-06,09:44:44,5.750858306884766
90,3.97747564417433e-06,09:44:45,5.717942714691162
91,4.0216698179984884e-06,09:44:46,5.7122626304626465
92,4.065863991822648e-06,09:44:47,5.714897155761719
93,4.1100581656468075e-06,09:44:48,5.670596599578857
94,4.154252339470967e-06,09:44:49,5.6260905265808105
95,4.198446513295126e-06,09:44:50,5.676957130432129
96,4.242640687119286e-06,09:44:51,5.584720134735107
97,4.286834860943445e-06,09:44:52,5.610682010650635
98,4.331029034767604e-06,09:44:53,5.606468677520752
99,4.375223208591763e-06,09:44:54,5.537576198577881
100,4.419417382415922e-06,09:44:54,5.501523971557617
101,4.463611556240081e-06,09:44:55,5.473569393157959
102,4.50780573006424e-06,09:44:56,5.498708248138428
103,4.5519999038883995e-06,09:44:57,5.501097679138184
104,4.5961940777125586e-06,09:44:59,5.503564357757568
105,4.640388251536718e-06,09:45:00,5.507053852081299
106,4.684582425360878e-06,09:45:01,5.478640556335449
107,4.728776599185037e-06,09:45:02,5.42291784286499
108,4.772970773009196e-06,09:45:03,5.376110076904297
109,4.817164946833355e-06,09:45:04,5.310112476348877
110,4.861359120657514e-06,09:45:05,5.343690872192383
111,4.905553294481674e-06,09:45:05,5.424522876739502
112,4.949747468305833e-06,09:45:07,5.307013511657715
113,4.993941642129992e-06,09:45:07,5.357541561126709
114,5.038135815954151e-06,09:45:08,5.212221145629883
115,5.0823299897783105e-06,09:45:09,5.25223970413208
116,5.12652416360247e-06,09:45:10,5.296456336975098
117,5.170718337426629e-06,09:45:11,5.251041412353516
118,5.214912511250788e-06,09:45:12,5.211435317993164
119,5.259106685074947e-06,09:45:13,5.172023296356201
120,5.303300858899106e-06,09:45:14,5.187628269195557
121,5.347495032723266e-06,09:45:15,5.223993301391602
122,5.391689206547425e-06,09:45:16,5.2040252685546875
123,5.435883380371583e-06,09:45:17,5.159696102142334
124,5.480077554195744e-06,09:45:18,5.158980369567871
125,5.524271728019903e-06,09:45:19,5.13917350769043
126,5.568465901844062e-06,09:45:20,5.068499565124512
127,5.6126600756682215e-06,09:45:21,5.029594898223877
128,5.656854249492381e-06,09:45:22,5.12356424331665
129,5.70104842331654e-06,09:45:22,5.066398620605469
130,5.745242597140699e-06,09:45:23,5.056069374084473
131,5.789436770964858e-06,09:45:24,5.064481258392334
132,5.833630944789017e-06,09:45:25,4.977221965789795
133,5.877825118613177e-06,09:45:26,5.038891315460205
134,5.922019292437336e-06,09:45:27,4.889394760131836
135,5.966213466261495e-06,09:45:29,4.954542636871338
136,6.010407640085654e-06,09:45:30,4.9223527908325195
137,6.0546018139098135e-06,09:45:30,5.094677925109863
138,6.098795987733973e-06,09:45:31,4.939412593841553
139,6.142990161558132e-06,09:45:32,4.929289817810059
140,6.187184335382291e-06,09:45:33,4.914556980133057
141,6.23137850920645e-06,09:45:34,4.945480823516846
142,6.275572683030609e-06,09:45:34,4.95776891708374
143,6.319766856854769e-06,09:45:35,4.876646041870117
144,6.363961030678928e-06,09:45:36,4.881370544433594
145,6.408155204503087e-06,09:45:37,4.900420188903809
146,6.452349378327246e-06,09:45:38,4.841835021972656
147,6.4965435521514054e-06,09:45:38,4.874235153198242
148,6.5407377259755645e-06,09:45:39,4.848542213439941
149,6.584931899799724e-06,09:45:41,4.904822826385498
150,6.629126073623883e-06,09:45:42,4.843647480010986
151,6.673320247448042e-06,09:45:43,4.823571681976318
152,6.717514421272201e-06,09:45:44,4.799881935119629
153,6.761708595096362e-06,09:45:45,4.771218299865723
154,6.805902768920521e-06,09:45:45,4.7446441650390625
155,6.85009694274468e-06,09:45:46,4.805527687072754
156,6.894291116568839e-06,09:45:47,4.776345252990723
157,6.938485290392997e-06,09:45:48,4.753147125244141
158,6.9826794642171565e-06,09:45:49,4.748992919921875
159,7.026873638041316e-06,09:45:50,4.732449531555176
160,7.071067811865475e-06,09:45:50,4.748109340667725
161,7.115261985689634e-06,09:45:51,4.669201850891113
162,7.159456159513793e-06,09:45:52,4.683584213256836
163,7.203650333337954e-06,09:45:52,4.698517322540283
164,7.247844507162113e-06,09:45:54,4.784521579742432
165,7.292038680986272e-06,09:45:55,4.6906867027282715
166,7.336232854810431e-06,09:45:56,4.669459342956543
167,7.38042702863459e-06,09:45:57,4.67643928527832
168,7.424621202458749e-06,09:45:58,4.640755653381348
169,7.468815376282908e-06,09:45:59,4.712076187133789
170,7.5130095501070675e-06,09:45:59,4.599917411804199
171,7.557203723931227e-06,09:46:00,4.646646976470947
172,7.601397897755386e-06,09:46:02,4.642317771911621
173,7.645592071579546e-06,09:46:03,4.692793369293213
174,7.689786245403706e-06,09:46:03,4.6647047996521
175,7.733980419227864e-06,09:46:04,4.592341423034668
176,7.778174593052024e-06,09:46:05,4.526858806610107
177,7.822368766876182e-06,09:46:06,4.617295742034912
178,7.866562940700342e-06,09:46:07,4.57083797454834
179,7.9107571145245e-06,09:46:08,4.645867824554443
180,7.95495128834866e-06,09:46:09,4.482108116149902
181,7.999145462172819e-06,09:46:10,4.603602409362793
182,8.043339635996977e-06,09:46:11,4.556634902954102
183,8.087533809821139e-06,09:46:12,4.516961574554443
184,8.131727983645297e-06,09:46:13,4.568500995635986
185,8.175922157469457e-06,09:46:14,4.544593811035156
186,8.220116331293615e-06,09:46:15,4.4600348472595215
187,8.264310505117775e-06,09:46:16,4.520318508148193
188,8.308504678941933e-06,09:46:17,4.499355792999268
189,8.352698852766093e-06,09:46:17,4.482898712158203
190,8.396893026590251e-06,09:46:18,4.494072914123535
191,8.441087200414411e-06,09:46:19,4.550004959106445
192,8.485281374238571e-06,09:46:20,4.446434020996094
193,8.52947554806273e-06,09:46:20,4.539102554321289
194,8.57366972188689e-06,09:46:21,4.5090508460998535
195,8.617863895711048e-06,09:46:22,4.491393089294434
196,8.662058069535208e-06,09:46:24,4.481780052185059
197,8.706252243359366e-06,09:46:25,4.464071273803711
198,8.750446417183526e-06,09:46:26,4.442848205566406
199,8.794640591007684e-06,09:46:28,4.505518436431885
200,8.838834764831844e-06,09:46:28,4.451167106628418
201,8.883028938656003e-06,09:46:29,4.5472893714904785
202,8.927223112480162e-06,09:46:30,4.460457801818848
203,8.971417286304322e-06,09:46:31,4.441986560821533
204,9.01561146012848e-06,09:46:32,4.421868801116943
205,9.05980563395264e-06,09:46:32,4.370240688323975
206,9.103999807776799e-06,09:46:33,4.456814765930176
207,9.148193981600959e-06,09:46:34,4.383766174316406
208,9.192388155425117e-06,09:46:35,4.468058109283447
209,9.236582329249277e-06,09:46:36,4.4524760246276855
210,9.280776503073435e-06,09:46:37,4.3203654289245605
211,9.324970676897595e-06,09:46:38,4.315678596496582
212,9.369164850721755e-06,09:46:40,4.332057476043701
213,9.413359024545915e-06,09:46:40,4.353188514709473
214,9.457553198370073e-06,09:46:42,4.348566055297852
215,9.501747372194233e-06,09:46:43,4.374166011810303
216,9.545941546018392e-06,09:46:44,4.3734283447265625
217,9.590135719842552e-06,09:46:45,4.365304470062256
218,9.63432989366671e-06,09:46:45,4.356861591339111
219,9.67852406749087e-06,09:46:46,4.294697284698486
220,9.722718241315028e-06,09:46:47,4.467008113861084
221,9.766912415139188e-06,09:46:48,4.307697772979736
222,9.811106588963348e-06,09:46:48,4.342443466186523
223,9.855300762787506e-06,09:46:49,4.314654350280762
224,9.899494936611666e-06,09:46:50,4.294512748718262
225,9.943689110435825e-06,09:46:52,4.332602500915527
226,9.987883284259985e-06,09:46:53,4.422489643096924
227,1.0032077458084143e-05,09:46:54,4.3869805335998535
228,1.0076271631908303e-05,09:46:55,4.274407386779785
229,1.0120465805732461e-05,09:46:56,4.313924312591553
230,1.0164659979556621e-05,09:46:57,4.177217483520508
231,1.020885415338078e-05,09:46:57,4.3129143714904785
232,1.025304832720494e-05,09:46:58,4.292835712432861
233,1.0297242501029099e-05,09:46:59,4.318554878234863
234,1.0341436674853257e-05,09:47:00,4.299319267272949
235,1.0385630848677417e-05,09:47:00,4.208339691162109
236,1.0429825022501576e-05,09:47:02,4.272347927093506
237,1.0474019196325736e-05,09:47:03,4.2864837646484375
238,1.0518213370149894e-05,09:47:04,4.271167278289795
239,1.0562407543974054e-05,09:47:05,4.275678634643555
240,1.0606601717798212e-05,09:47:06,4.170788764953613
241,1.0650795891622372e-05,09:47:07,4.323404788970947
242,1.0694990065446532e-05,09:47:09,4.130529880523682
243,1.0739184239270692e-05,09:47:10,4.249777793884277
244,1.078337841309485e-05,09:47:11,4.166213512420654
245,1.082757258691901e-05,09:47:11,4.2377238273620605
246,1.0871766760743167e-05,09:47:12,4.3149800300598145
247,1.0915960934567328e-05,09:47:13,4.243857383728027
248,1.0960155108391488e-05,09:47:14,4.202305316925049
249,1.1004349282215645e-05,09:47:14,4.150181293487549
250,1.1048543456039807e-05,09:47:15,4.148711204528809
251,1.1092737629863963e-05,09:47:16,4.161453723907471
252,1.1136931803688125e-05,09:47:17,4.1961445808410645
253,1.1181125977512281e-05,09:47:19,4.174728870391846
254,1.1225320151336443e-05,09:47:20,4.2160725593566895
255,1.12695143251606e-05,09:47:21,4.143346309661865
256,1.1313708498984761e-05,09:47:23,4.174546718597412
257,1.1357902672808921e-05,09:47:23,4.22102165222168
258,1.140209684663308e-05,09:47:24,4.097535610198975
259,1.144629102045724e-05,09:47:25,4.129639148712158
260,1.1490485194281398e-05,09:47:26,4.143648147583008
261,1.1534679368105558e-05,09:47:27,4.145615577697754
262,1.1578873541929716e-05,09:47:28,4.1765055656433105
263,1.1623067715753876e-05,09:47:29,4.021931171417236
264,1.1667261889578034e-05,09:47:29,4.198119640350342
265,1.1711456063402194e-05,09:47:30,4.0959601402282715
266,1.1755650237226354e-05,09:47:32,4.163468360900879
267,1.1799844411050512e-05,09:47:33,4.126294136047363
268,1.1844038584874672e-05,09:47:34,4.1148576736450195
269,1.188823275869883e-05,09:47:35,4.1097002029418945
270,1.193242693252299e-05,09:47:36,4.099562644958496
271,1.1976621106347149e-05,09:47:37,4.091761589050293
272,1.2020815280171309e-05,09:47:38,4.087219715118408
273,1.2065009453995467e-05,09:47:39,4.141671180725098
274,1.2109203627819627e-05,09:47:40,4.082367420196533
275,1.2153397801643785e-05,09:47:41,4.140108108520508
276,1.2197591975467945e-05,09:47:42,4.087815284729004
277,1.2241786149292105e-05,09:47:42,4.047286510467529
278,1.2285980323116263e-05,09:47:43,4.090176582336426
279,1.2330174496940423e-05,09:47:44,4.091200828552246
280,1.2374368670764582e-05,09:47:45,4.111879825592041
281,1.2418562844588742e-05,09:47:46,4.004665374755859
282,1.24627570184129e-05,09:47:48,3.9848620891571045
283,1.250695119223706e-05,09:47:49,3.9973220825195312
284,1.2551145366061218e-05,09:47:50,4.004663467407227
285,1.2595339539885378e-05,09:47:51,3.948629856109619
286,1.2639533713709538e-05,09:47:52,4.00200080871582
287,1.2683727887533696e-05,09:47:53,4.043706893920898
288,1.2727922061357856e-05,09:47:54,3.9741005897521973
289,1.2772116235182014e-05,09:47:54,4.003524303436279
290,1.2816310409006174e-05,09:47:55,3.910770893096924
291,1.2860504582830333e-05,09:47:56,4.0115509033203125
292,1.2904698756654493e-05,09:47:57,4.00192928314209
293,1.2948892930478651e-05,09:47:58,3.9913361072540283
294,1.2993087104302811e-05,09:47:59,3.9370534420013428
295,1.3037281278126969e-05,09:47:59,3.9911251068115234
296,1.3081475451951129e-05,09:48:00,3.911816120147705
297,1.3125669625775289e-05,09:48:01,3.975679636001587
298,1.3169863799599447e-05,09:48:03,3.9505817890167236
299,1.3214057973423607e-05,09:48:04,3.9410173892974854
300,1.3258252147247766e-05,09:48:05,3.923166275024414
301,1.3302446321071925e-05,09:48:06,3.9884281158447266
302,1.3346640494896084e-05,09:48:07,3.876941204071045
303,1.3390834668720244e-05,09:48:08,3.8918585777282715
304,1.3435028842544402e-05,09:48:08,3.846116781234741
305,1.3479223016368562e-05,09:48:09,3.8844261169433594
306,1.3523417190192724e-05,09:48:10,3.9115006923675537
307,1.356761136401688e-05,09:48:11,3.900319814682007
308,1.3611805537841042e-05,09:48:12,3.953873872756958
309,1.3655999711665198e-05,09:48:13,3.9683711528778076
310,1.370019388548936e-05,09:48:13,3.955552577972412
311,1.3744388059313517e-05,09:48:14,3.8543243408203125
312,1.3788582233137678e-05,09:48:15,3.9230337142944336
313,1.3832776406961835e-05,09:48:16,3.925290584564209
314,1.3876970580785995e-05,09:48:17,3.8407909870147705
315,1.3921164754610153e-05,09:48:18,3.8593952655792236
316,1.3965358928434313e-05,09:48:19,3.831101894378662
317,1.4009553102258475e-05,09:48:20,3.877166986465454
318,1.4053747276082631e-05,09:48:22,3.7831368446350098
319,1.4097941449906793e-05,09:48:22,3.8433923721313477
320,1.414213562373095e-05,09:48:23,3.822042942047119
321,1.4186329797555111e-05,09:48:24,3.77299427986145
322,1.4230523971379268e-05,09:48:25,3.810598134994507
323,1.427471814520343e-05,09:48:26,3.7921698093414307
324,1.4318912319027586e-05,09:48:27,3.7808823585510254
325,1.4363106492851748e-05,09:48:27,3.7647767066955566
326,1.4407300666675907e-05,09:48:28,3.8070545196533203
327,1.4451494840500066e-05,09:48:30,3.7965846061706543
328,1.4495689014324226e-05,09:48:31,3.7460107803344727
329,1.4539883188148384e-05,09:48:32,3.8273825645446777
330,1.4584077361972544e-05,09:48:33,3.7957234382629395
331,1.4628271535796702e-05,09:48:34,3.7681326866149902
332,1.4672465709620862e-05,09:48:35,3.7489259243011475
333,1.471665988344502e-05,09:48:35,3.7619271278381348
334,1.476085405726918e-05,09:48:37,3.743995428085327
335,1.480504823109334e-05,09:48:38,3.68051815032959
336,1.4849242404917499e-05,09:48:39,3.73464035987854
337,1.4893436578741659e-05,09:48:39,3.8116817474365234
338,1.4937630752565817e-05,09:48:40,3.6842808723449707
339,1.4981824926389977e-05,09:48:41,3.6417300701141357
340,1.5026019100214135e-05,09:48:42,3.6605312824249268
341,1.5070213274038295e-05,09:48:43,3.7455601692199707
342,1.5114407447862453e-05,09:48:44,3.705454111099243
343,1.5158601621686613e-05,09:48:45,3.772369623184204
344,1.5202795795510772e-05,09:48:46,3.648955821990967
345,1.5246989969334931e-05,09:48:47,3.702346086502075
346,1.529118414315909e-05,09:48:48,3.6311047077178955
347,1.5335378316983248e-05,09:48:49,3.6660306453704834
348,1.537957249080741e-05,09:48:49,3.6764309406280518
349,1.5423766664631568e-05,09:48:50,3.648240089416504
350,1.5467960838455728e-05,09:48:51,3.6910817623138428
351,1.5512155012279884e-05,09:48:53,3.6336028575897217
352,1.5556349186104048e-05,09:48:53,3.576380968093872
353,1.5600543359928204e-05,09:48:54,3.6161632537841797
354,1.5644737533752364e-05,09:48:55,3.6037161350250244
355,1.5688931707576524e-05,09:48:56,3.599611282348633
356,1.5733125881400684e-05,09:48:57,3.6694955825805664
357,1.5777320055224844e-05,09:48:59,3.5672013759613037
358,1.5821514229049e-05,09:49:00,3.657043933868408
359,1.586570840287316e-05,09:49:01,3.6601967811584473
360,1.590990257669732e-05,09:49:01,3.533627986907959
361,1.595409675052148e-05,09:49:02,3.575838327407837
362,1.5998290924345637e-05,09:49:03,3.5869007110595703
363,1.6042485098169797e-05,09:49:04,3.5619654655456543
364,1.6086679271993954e-05,09:49:05,3.5372474193573
365,1.6130873445818117e-05,09:49:06,3.586437702178955
366,1.6175067619642277e-05,09:49:06,3.5230278968811035
367,1.6219261793466434e-05,09:49:07,3.608440399169922
368,1.6263455967290594e-05,09:49:08,3.4985339641571045
369,1.6307650141114754e-05,09:49:09,3.573465585708618
370,1.6351844314938913e-05,09:49:10,3.5606606006622314
371,1.639603848876307e-05,09:49:12,3.546222686767578
372,1.644023266258723e-05,09:49:14,3.5193567276000977
373,1.648442683641139e-05,09:49:15,3.5856287479400635
374,1.652862101023555e-05,09:49:16,3.5289347171783447
375,1.657281518405971e-05,09:49:17,3.5265092849731445
376,1.6617009357883866e-05,09:49:17,3.548459768295288
377,1.6661203531708026e-05,09:49:18,3.506910562515259
378,1.6705397705532186e-05,09:49:19,3.4958302974700928
379,1.6749591879356346e-05,09:49:20,3.4930152893066406
380,1.6793786053180503e-05,09:49:21,3.4991440773010254
381,1.6837980227004663e-05,09:49:22,3.578085422515869
382,1.6882174400828823e-05,09:49:23,3.523240327835083
383,1.6926368574652983e-05,09:49:24,3.5607378482818604
384,1.6970562748477143e-05,09:49:25,3.5056257247924805
385,1.70147569223013e-05,09:49:26,3.4934582710266113
386,1.705895109612546e-05,09:49:27,3.492807388305664
387,1.710314526994962e-05,09:49:28,3.51664400100708
388,1.714733944377378e-05,09:49:29,3.4169626235961914
389,1.7191533617597936e-05,09:49:30,3.514531373977661
390,1.7235727791422096e-05,09:49:31,3.485658884048462
391,1.7279921965246256e-05,09:49:32,3.456641674041748
392,1.7324116139070416e-05,09:49:33,3.3836095333099365
393,1.7368310312894572e-05,09:49:34,3.432185649871826
394,1.7412504486718732e-05,09:49:35,3.4253733158111572
395,1.7456698660542892e-05,09:49:36,3.479184627532959
396,1.7500892834367052e-05,09:49:37,3.344208240509033
397,1.7545087008191212e-05,09:49:38,3.4260072708129883
398,1.758928118201537e-05,09:49:39,3.45974063873291
399,1.763347535583953e-05,09:49:40,3.363483190536499
400,1.767766952966369e-05,09:49:42,3.348271608352661
401,1.772186370348785e-05,09:49:43,3.40545916557312
402,1.7766057877312005e-05,09:49:44,3.3858306407928467
403,1.7810252051136165e-05,09:49:45,3.455048084259033
404,1.7854446224960325e-05,09:49:46,3.320835590362549
405,1.7898640398784485e-05,09:49:47,3.3756117820739746
406,1.7942834572608645e-05,09:49:48,3.350306272506714
407,1.79870287464328e-05,09:49:49,3.3625948429107666
408,1.803122292025696e-05,09:49:49,3.3416402339935303
409,1.807541709408112e-05,09:49:50,3.3702566623687744
410,1.811961126790528e-05,09:49:51,3.3808913230895996
411,1.8163805441729438e-05,09:49:52,3.3807482719421387
412,1.8207999615553598e-05,09:49:53,3.3710341453552246
413,1.8252193789377758e-05,09:49:55,3.3332104682922363
414,1.8296387963201918e-05,09:49:56,3.3303003311157227
415,1.8340582137026078e-05,09:49:57,3.2817375659942627
416,1.8384776310850234e-05,09:49:58,3.2824177742004395
417,1.8428970484674398e-05,09:49:59,3.317634105682373
418,1.8473164658498554e-05,09:49:59,3.3402578830718994
419,1.8517358832322714e-05,09:50:00,3.3231449127197266
420,1.856155300614687e-05,09:50:02,3.255733013153076
421,1.8605747179971034e-05,09:50:03,3.3058364391326904
422,1.864994135379519e-05,09:50:04,3.25961971282959
423,1.869413552761935e-05,09:50:05,3.363434314727783
424,1.873832970144351e-05,09:50:06,3.2843918800354004
425,1.878252387526767e-05,09:50:06,3.2829391956329346
426,1.882671804909183e-05,09:50:07,3.2730343341827393
427,1.8870912222915987e-05,09:50:09,3.265373468399048
428,1.8915106396740147e-05,09:50:10,3.2534165382385254
429,1.8959300570564304e-05,09:50:11,3.2870006561279297
430,1.9003494744388467e-05,09:50:12,3.2515037059783936
431,1.9047688918212623e-05,09:50:12,3.2629594802856445
432,1.9091883092036783e-05,09:50:13,3.283700466156006
433,1.913607726586094e-05,09:50:14,3.2451908588409424
434,1.9180271439685103e-05,09:50:15,3.250671863555908
435,1.9224465613509263e-05,09:50:16,3.2104740142822266
436,1.926865978733342e-05,09:50:17,3.2567830085754395
437,1.931285396115758e-05,09:50:17,3.2537553310394287
438,1.935704813498174e-05,09:50:18,3.208012580871582
439,1.94012423088059e-05,09:50:19,3.235300302505493
440,1.9445436482630056e-05,09:50:20,3.238860607147217
441,1.9489630656454216e-05,09:50:21,3.1622495651245117
442,1.9533824830278376e-05,09:50:22,3.1893486976623535
443,1.9578019004102536e-05,09:50:24,3.2001850605010986
444,1.9622213177926696e-05,09:50:25,3.2315845489501953
445,1.9666407351750853e-05,09:50:26,3.218463897705078
446,1.9710601525575013e-05,09:50:27,3.2741920948028564
447,1.9754795699399173e-05,09:50:28,3.1661367416381836
448,1.9798989873223333e-05,09:50:29,3.1733005046844482
449,1.984318404704749e-05,09:50:30,3.133152723312378
450,1.988737822087165e-05,09:50:31,3.1896955966949463
451,1.993157239469581e-05,09:50:32,3.18569278717041
452,1.997576656851997e-05,09:50:32,3.1226999759674072
453,2.001996074234413e-05,09:50:33,3.175259828567505
454,2.0064154916168286e-05,09:50:34,3.109762668609619
455,2.0108349089992446e-05,09:50:35,3.101250410079956
456,2.0152543263816605e-05,09:50:36,3.1347734928131104
457,2.0196737437640765e-05,09:50:38,3.1024301052093506
458,2.0240931611464922e-05,09:50:39,3.1141443252563477
459,2.0285125785289082e-05,09:50:39,3.1529929637908936
460,2.0329319959113242e-05,09:50:40,3.142669916152954
461,2.0373514132937402e-05,09:50:42,3.1088192462921143
462,2.041770830676156e-05,09:50:43,3.137746572494507
463,2.046190248058572e-05,09:50:44,3.128885269165039
464,2.050609665440988e-05,09:50:45,3.0671322345733643
465,2.055029082823404e-05,09:50:45,3.0909457206726074
466,2.0594485002058198e-05,09:50:46,3.0625102519989014
467,2.0638679175882355e-05,09:50:47,3.093039035797119
468,2.0682873349706515e-05,09:50:48,3.064711570739746
469,2.0727067523530675e-05,09:50:49,3.0732293128967285
470,2.0771261697354835e-05,09:50:51,3.066603422164917
471,2.081545587117899e-05,09:50:52,3.0802977085113525
472,2.085965004500315e-05,09:50:53,3.051140308380127
473,2.090384421882731e-05,09:50:54,3.001185894012451
474,2.094803839265147e-05,09:50:54,3.0009710788726807
475,2.099223256647563e-05,09:50:56,3.1084985733032227
476,2.1036426740299788e-05,09:50:56,3.109121322631836
477,2.1080620914123948e-05,09:50:57,2.9729466438293457
478,2.1124815087948108e-05,09:50:58,2.980835199356079
479,2.1169009261772268e-05,09:50:59,3.057609796524048
480,2.1213203435596424e-05,09:51:00,2.982628345489502
481,2.1257397609420584e-05,09:51:01,3.0057930946350098
482,2.1301591783244744e-05,09:51:01,3.1120524406433105
483,2.1345785957068904e-05,09:51:02,2.9862771034240723
484,2.1389980130893064e-05,09:51:03,2.9766366481781006
485,2.143417430471722e-05,09:51:04,2.979623556137085
486,2.1478368478541384e-05,09:51:06,3.0126938819885254
487,2.152256265236554e-05,09:51:07,2.988051414489746
488,2.15667568261897e-05,09:51:08,3.0530283451080322
489,2.1610951000013857e-05,09:51:10,3.0041399002075195
490,2.165514517383802e-05,09:51:10,2.9892914295196533
491,2.169933934766218e-05,09:51:11,3.030099868774414
492,2.1743533521486334e-05,09:51:12,2.9855434894561768
493,2.1787727695310493e-05,09:51:13,3.039924383163452
494,2.1831921869134657e-05,09:51:14,3.0050745010375977
495,2.1876116042958817e-05,09:51:15,2.958627700805664
496,2.1920310216782977e-05,09:51:15,2.937034845352173
497,2.196450439060713e-05,09:51:17,2.9562828540802
498,2.200869856443129e-05,09:51:18,2.95155668258667
499,2.2052892738255453e-05,09:51:19,2.9606192111968994
500,2.2097086912079613e-05,09:51:20,2.917654275894165
501,2.2141281085903766e-05,09:51:21,2.960987091064453
502,2.2185475259727926e-05,09:51:22,2.919560194015503
503,2.222966943355209e-05,09:51:23,2.91957950592041
504,2.227386360737625e-05,09:51:24,2.9633970260620117
505,2.231805778120041e-05,09:51:24,2.9691076278686523
506,2.2362251955024563e-05,09:51:25,2.9783875942230225
507,2.2406446128848726e-05,09:51:26,2.9824752807617188
508,2.2450640302672886e-05,09:51:27,2.9139554500579834
509,2.2494834476497046e-05,09:51:28,2.8792452812194824
510,2.25390286503212e-05,09:51:28,2.9333298206329346
511,2.2583222824145363e-05,09:51:29,2.832987070083618
512,2.2627416997969522e-05,09:51:30,2.9492197036743164
513,2.2671611171793682e-05,09:51:31,2.8745601177215576
514,2.2715805345617842e-05,09:51:32,2.9308853149414062
515,2.2759999519442e-05,09:51:33,2.8246796131134033
516,2.280419369326616e-05,09:51:34,2.881613254547119
517,2.284838786709032e-05,09:51:35,2.8917500972747803
518,2.289258204091448e-05,09:51:36,2.9067273139953613
519,2.2936776214738635e-05,09:51:37,2.893101692199707
520,2.2980970388562795e-05,09:51:38,2.900005340576172
521,2.3025164562386955e-05,09:51:39,2.892709970474243
522,2.3069358736211115e-05,09:51:39,2.864818572998047
523,2.3113552910035275e-05,09:51:40,2.9101924896240234
524,2.3157747083859432e-05,09:51:41,2.831129550933838
525,2.3201941257683592e-05,09:51:42,2.8756015300750732
526,2.3246135431507752e-05,09:51:43,2.953120231628418
527,2.3290329605331912e-05,09:51:43,2.8818345069885254
528,2.3334523779156068e-05,09:51:44,2.9041080474853516
529,2.3378717952980228e-05,09:51:45,2.84273362159729
530,2.3422912126804388e-05,09:51:46,2.8807501792907715
531,2.3467106300628548e-05,09:51:48,2.8368377685546875
532,2.3511300474452708e-05,09:51:49,2.819756269454956
533,2.3555494648276865e-05,09:51:50,2.886608362197876
534,2.3599688822101025e-05,09:51:51,2.8704071044921875
535,2.3643882995925185e-05,09:51:51,2.8695437908172607
